time,plasma conc,CE_SI,CE_alpha,CE_beta,CE_LZc
0,0,0,0,0,0
0,0,0,0,0,0
0,0,0,0,0,0
0,0,0,0,0,0
0,0,0,0,0,0
0,0,0,0,0,0
0,0,0,0,0,0
0,0,0,0,0,0
0,0.090497738,0,0,0,0
0,0.090497738,0,0,0,0
0,0.090497738,0,0,0,0
0,0.090497738,0,0,0,0
0,0.090497738,0,0,0,0
0,0.090497738,0,0,0,0
0,0.090497738,0,0,0,0
0,0.090497738,0,0,0,0
2,0.090102957,0.004059645,0.001756191,0.003505956,0.00226473
4,0.089709968,0.007919072,0.003470542,0.006860497,0.004462755
6,0.089318761,0.011587362,0.005143938,0.010069572,0.006595836
8,0.088929328,0.015073188,0.0067772,0.013138899,0.008665628
10,0.088541662,0.018384829,0.008371141,0.016073973,0.010673767
12,0.088155753,0.021530195,0.00992656,0.018880069,0.012621841
14,0.087771594,0.024516841,0.011444242,0.021562266,0.014511402
16,0.087389178,0.027351984,0.012924953,0.024125443,0.016343959
18,0.087008495,0.030042518,0.014369447,0.026574287,0.018120985
20,0.086629538,0.032595015,0.015778461,0.028913311,0.019843918
22,0.086252299,0.035015747,0.017152718,0.031146843,0.021514156
24,0.08587677,0.037310716,0.018492927,0.033279036,0.023133065
26,0.085502943,0.039485664,0.019799785,0.035313888,0.024701974
28,0.085130811,0.041546077,0.021073972,0.037255247,0.026222182
30,0.084760366,0.04349717,0.022316158,0.039106818,0.027694954
32,0.084391599,0.045343922,0.023526997,0.04087216,0.02912152
34,0.084024504,0.047091105,0.024707132,0.04255468,0.03050308
36,0.083659072,0.048743274,0.025857193,0.044157649,0.031840801
38,0.083295296,0.050304773,0.026977798,0.045684222,0.033135824
40,0.082933168,0.051779753,0.028069551,0.047137432,0.034389261
42,0.082572681,0.053172178,0.029133045,0.048520194,0.035602198
44,0.082213827,0.054485832,0.030168859,0.049835303,0.036775694
46,0.081856599,0.05572433,0.031177563,0.051085452,0.037910783
48,0.081500989,0.056891124,0.032159716,0.052273223,0.03900847
50,0.08114699,0.057989511,0.033115864,0.053401102,0.040069729
52,0.080794594,0.059022637,0.034046547,0.054471477,0.041095514
54,0.080443795,0.059993509,0.03495229,0.055486642,0.042086752
56,0.080094584,0.060904997,0.035833612,0.056448804,0.04304435
58,0.079746954,0.061759842,0.03669102,0.05736008,0.043969192
60,0.079400898,0.062560664,0.037525011,0.058222509,0.044862141
62,0.07905641,0.063309961,0.038336068,0.059038047,0.045724036
64,0.078713481,0.064010117,0.039124667,0.059808576,0.046555694
66,0.078372104,0.064663413,0.039891274,0.060535905,0.047357914
68,0.078032273,0.065272026,0.040636347,0.061221771,0.048131471
70,0.077693981,0.065838034,0.041360335,0.061867844,0.048877124
72,0.07735722,0.06636342,0.042063677,0.062475728,0.04959561
74,0.077021982,0.06685008,0.042746806,0.063046964,0.05028765
76,0.076688263,0.067299824,0.043410144,0.063583034,0.050953945
78,0.076356053,0.067714379,0.044054106,0.064085364,0.051595178
80,0.076025347,0.068095396,0.044679098,0.064555321,0.052212016
82,0.075696137,0.068444448,0.045285518,0.06499422,0.052805108
84,0.075368417,0.068763041,0.045873756,0.065403326,0.053375088
86,0.075042179,0.069052611,0.046444194,0.065783852,0.053922572
88,0.074717418,0.069314528,0.046997208,0.066136966,0.054448162
90,0.074394125,0.069550103,0.047533165,0.06646379,0.054952443
92,0.074072295,0.069760585,0.048052425,0.066765401,0.055435987
94,0.073751921,0.069947169,0.048555342,0.067042835,0.05589935
96,0.073432996,0.070110994,0.049042261,0.067297086,0.056343075
98,0.073115513,0.070253149,0.049513522,0.067529111,0.056767691
100,0.072799466,0.070374672,0.049969457,0.067739829,0.057173713
102,0.072484848,0.070476555,0.050410392,0.067930123,0.057561644
104,0.072171652,0.070559744,0.050836646,0.068100841,0.057931973
106,0.071859873,0.070625145,0.051248534,0.068252798,0.058285178
108,0.071549503,0.070673621,0.051646361,0.068386777,0.058621722
110,0.071240537,0.070705996,0.052030428,0.068503532,0.05894206
112,0.070932967,0.070723056,0.052401031,0.068603785,0.059246632
114,0.070626787,0.070725553,0.052758458,0.068688231,0.059535868
116,0.070321991,0.070714204,0.053102992,0.068757539,0.059810189
118,0.070018573,0.070689693,0.053434911,0.068812347,0.060070003
120,0.069716526,0.070652674,0.053754488,0.068853274,0.060315708
122,0.069415843,0.070603771,0.054061987,0.068880911,0.060547693
124,0.06911652,0.070543579,0.054357672,0.068895827,0.060766335
126,0.068818549,0.070472667,0.054641798,0.068898569,0.060972003
128,0.068521924,0.070391578,0.054914617,0.068889662,0.061165057
130,0.068226639,0.070300828,0.055176374,0.068869609,0.061345847
132,0.067932688,0.070200913,0.055427311,0.068838897,0.061514714
134,0.067640065,0.070092305,0.055667664,0.06879799,0.06167199
136,0.067348763,0.069975454,0.055897665,0.068747336,0.061817999
138,0.067058777,0.06985079,0.05611754,0.068687364,0.061953057
140,0.066770101,0.069718723,0.056327512,0.068618487,0.062077471
142,0.066482728,0.069579644,0.056527798,0.068541102,0.062191541
144,0.066196653,0.069433929,0.056718613,0.068455589,0.062295559
146,0.065911869,0.069281932,0.056900165,0.068362314,0.06238981
148,0.065628372,0.069123994,0.05707266,0.068261629,0.062474571
150,0.065346153,0.06896044,0.0572363,0.068153871,0.062550112
152,0.065065209,0.068791581,0.057391281,0.068039364,0.062616697
154,0.064785533,0.068617711,0.057537797,0.06791842,0.062674581
156,0.06450712,0.068439113,0.057676035,0.067791337,0.062724015
158,0.064229963,0.068256055,0.057806183,0.067658404,0.062765243
160,0.063954056,0.068068796,0.057928421,0.067519895,0.062798501
162,0.063679395,0.06787758,0.058042929,0.067376076,0.062824021
164,0.063405972,0.06768264,0.058149879,0.067227201,0.062842029
166,0.063133784,0.0674842,0.058249444,0.067073515,0.062852742
168,0.062862823,0.067282472,0.058341791,0.066915252,0.062856376
170,0.062593085,0.067077658,0.058427085,0.066752637,0.062853138
172,0.062324563,0.066869954,0.058505485,0.066585886,0.062843232
174,0.062057253,0.066659543,0.05857715,0.066415208,0.062826856
176,0.061791148,0.066446601,0.058642234,0.066240801,0.062804201
178,0.061526243,0.066231296,0.058700889,0.066062858,0.062775456
180,0.061262533,0.066013788,0.058753263,0.065881562,0.062740802
182,0.061000012,0.06579423,0.058799502,0.065697089,0.062700419
184,0.060738674,0.065572768,0.058839747,0.065509609,0.062654479
186,0.060478514,0.065349539,0.058874138,0.065319284,0.062603152
188,0.060219528,0.065124677,0.058902812,0.065126272,0.062546602
190,0.059961709,0.064898306,0.058925903,0.06493072,0.06248499
192,0.059705051,0.064670549,0.058943542,0.064732774,0.062418471
194,0.059449551,0.064441518,0.058955857,0.06453257,0.062347199
196,0.059195202,0.064211324,0.058962975,0.064330242,0.06227132
198,0.058941999,0.063980069,0.05896502,0.064125916,0.06219098
200,0.058689937,0.063747853,0.058962111,0.063919716,0.062106319
202,0.058439011,0.063514771,0.058954368,0.063711757,0.062017473
204,0.058189215,0.063280913,0.058941906,0.063502151,0.061924577
206,0.057940544,0.063046363,0.05892484,0.063291007,0.061827759
208,0.057692994,0.062811204,0.05890328,0.063078428,0.061727148
210,0.057446558,0.062575513,0.058877336,0.062864513,0.061622866
212,0.057201233,0.062339364,0.058847114,0.062649357,0.061515032
214,0.056957012,0.062102828,0.05881272,0.062433052,0.061403763
216,0.056713891,0.061865971,0.058774256,0.062215684,0.061289174
218,0.056471865,0.061628858,0.058731822,0.061997337,0.061171375
220,0.056230928,0.061391548,0.058685518,0.061778093,0.061050475
222,0.055991076,0.061154099,0.058635439,0.061558027,0.060926577
224,0.055752303,0.060916567,0.058581679,0.061337214,0.060799785
226,0.055514606,0.060679004,0.058524332,0.061115726,0.060670199
228,0.055277978,0.060441459,0.058463488,0.060893628,0.060537914
230,0.055042415,0.060203979,0.058399236,0.060670987,0.060403025
232,0.054807912,0.05996661,0.058331662,0.060447866,0.060265625
234,0.054574465,0.059729393,0.058260851,0.060224323,0.060125803
236,0.054342068,0.05949237,0.058186888,0.060000416,0.059983646
238,0.054110716,0.059255578,0.058109854,0.059776199,0.059839239
240,0.053880405,0.059019054,0.058029829,0.059551727,0.059692664
242,0.05365113,0.058782833,0.057946891,0.059327047,0.059544003
244,0.053422886,0.058546948,0.057861117,0.05910221,0.059393332
246,0.053195669,0.05831143,0.057772582,0.05887726,0.059240729
248,0.052969473,0.058076308,0.057681361,0.058652242,0.059086268
250,0.052744295,0.05784161,0.057587524,0.058427199,0.05893002
252,0.052520129,0.057607364,0.057491142,0.058202169,0.058772056
254,0.052296971,0.057373593,0.057392286,0.057977194,0.058612445
256,0.052074816,0.057140322,0.057291021,0.057752308,0.058451252
258,0.05185366,0.056907574,0.057187415,0.057527548,0.058288543
260,0.051633498,0.056675369,0.057081532,0.057302947,0.058124381
262,0.051414326,0.056443728,0.056973437,0.057078538,0.057958827
264,0.051196138,0.05621267,0.056863191,0.056854352,0.05779194
266,0.050978931,0.055982213,0.056750856,0.056630417,0.057623779
268,0.050762699,0.055752374,0.05663649,0.056406763,0.057454401
270,0.050547439,0.055523168,0.056520153,0.056183416,0.057283859
272,0.050333147,0.055294612,0.056401901,0.055960402,0.057112208
274,0.050119817,0.055066718,0.056281791,0.055737746,0.0569395
276,0.049907445,0.054839501,0.056159877,0.05551547,0.056765785
278,0.049696026,0.054612973,0.056036213,0.055293598,0.056591113
280,0.049485558,0.054387146,0.055910852,0.055072149,0.056415531
282,0.049276034,0.05416203,0.055783845,0.054851146,0.056239085
284,0.049067451,0.053937637,0.055655242,0.054630607,0.056061823
286,0.048859805,0.053713976,0.055525093,0.05441055,0.055883786
288,0.048653091,0.053491057,0.055393446,0.054190994,0.055705019
290,0.048447304,0.053268886,0.055260348,0.053971954,0.055525563
292,0.048242442,0.053047474,0.055125845,0.053753447,0.055345458
294,0.048038499,0.052826826,0.054989983,0.053535487,0.055164743
296,0.047835471,0.05260695,0.054852806,0.05331809,0.054983457
298,0.047633354,0.052387852,0.054714356,0.053101268,0.054801638
300,0.047432143,0.052169538,0.054574678,0.052885035,0.05461932
302,0.047231836,0.051952013,0.054433811,0.052669403,0.054436541
304,0.047032427,0.051735283,0.054291798,0.052454384,0.054253333
306,0.046833913,0.051519352,0.054148676,0.052239988,0.05406973
308,0.046636289,0.051304224,0.054004487,0.052026226,0.053885764
310,0.046439551,0.051089903,0.053859267,0.051813108,0.053701467
312,0.046243696,0.050876393,0.053713053,0.051600643,0.053516869
314,0.046048718,0.050663696,0.053565882,0.051388841,0.053332
316,0.045854615,0.050451816,0.053417791,0.051177708,0.053146888
318,0.045661382,0.050240755,0.053268812,0.050967254,0.052961561
320,0.045469015,0.050030514,0.053118982,0.050757486,0.052776048
322,0.045277511,0.049821097,0.052968333,0.05054841,0.052590373
324,0.045086865,0.049612505,0.052816897,0.050340033,0.052404563
326,0.044897073,0.049404738,0.052664708,0.050132361,0.052218642
328,0.044708131,0.0491978,0.052511795,0.0499254,0.052032635
330,0.044520036,0.048991689,0.05235819,0.049719155,0.051846565
332,0.044332784,0.048786408,0.052203923,0.049513631,0.051660455
334,0.044146371,0.048581956,0.052049022,0.049308833,0.051474327
336,0.043960792,0.048378334,0.051893516,0.049104765,0.051288202
338,0.043776045,0.048175542,0.051737434,0.048901432,0.051102101
340,0.043592125,0.04797358,0.051580802,0.048698836,0.050916045
342,0.043409029,0.047772447,0.051423647,0.048496981,0.050730053
344,0.043226752,0.047572145,0.051265996,0.048295871,0.050544143
346,0.043045292,0.047372671,0.051107874,0.048095508,0.050358336
348,0.042864644,0.047174026,0.050949306,0.047895895,0.050172647
350,0.042684804,0.046976208,0.050790317,0.047697034,0.049987095
352,0.04250577,0.046779216,0.05063093,0.047498927,0.049801696
354,0.042327536,0.04658305,0.050471169,0.047301576,0.049616467
356,0.042150101,0.046387709,0.050311056,0.047104984,0.049431424
358,0.041973459,0.04619319,0.050150614,0.04690915,0.049246581
360,0.041797607,0.045999493,0.049989864,0.046714077,0.049061954
362,0.041622542,0.045806616,0.049828829,0.046519766,0.048877557
364,0.04144826,0.045614557,0.049667528,0.046326218,0.048693404
366,0.041274758,0.045423316,0.049505983,0.046133432,0.048509508
368,0.041102031,0.045232889,0.049344213,0.045941411,0.048325883
370,0.040930077,0.045043276,0.049182237,0.045750154,0.048142541
372,0.040758892,0.044854475,0.049020075,0.045559661,0.047959494
374,0.040588472,0.044666482,0.048857745,0.045369933,0.047776754
376,0.040418814,0.044479297,0.048695264,0.045180969,0.047594333
378,0.040249914,0.044292917,0.048532652,0.04499277,0.047412241
380,0.04008177,0.04410734,0.048369924,0.044805334,0.04723049
382,0.039914376,0.043922564,0.048207099,0.044618663,0.04704909
384,0.039747731,0.043738586,0.048044192,0.044432755,0.04686805
386,0.03958183,0.043555404,0.047881219,0.044247609,0.046687381
388,0.03941667,0.043373016,0.047718197,0.044063224,0.046507091
390,0.039252248,0.043191419,0.04755514,0.043879601,0.04632719
392,0.039088561,0.043010611,0.047392064,0.043696737,0.046147687
394,0.038925604,0.04283059,0.047228984,0.043514633,0.04596859
396,0.038763376,0.042651352,0.047065912,0.043333286,0.045789906
398,0.038601871,0.042472895,0.046902865,0.043152695,0.045611645
400,0.038441088,0.042295217,0.046739854,0.04297286,0.045433812
402,0.038281023,0.042118314,0.046576894,0.042793779,0.045256417
404,0.038121672,0.041942185,0.046413997,0.042615449,0.045079465
406,0.037963032,0.041766826,0.046251175,0.042437871,0.044902963
408,0.0378051,0.041592235,0.046088442,0.042261041,0.044726918
410,0.037647873,0.041418409,0.04592581,0.04208496,0.044551337
412,0.037491347,0.041245345,0.045763289,0.041909624,0.044376224
414,0.03733552,0.04107304,0.045600892,0.041735032,0.044201587
416,0.037180388,0.040901492,0.045438629,0.041561182,0.04402743
418,0.037025948,0.040730698,0.045276512,0.041388072,0.043853759
420,0.036872197,0.040560654,0.04511455,0.041215701,0.043680579
422,0.036719131,0.040391359,0.044952756,0.041044066,0.043507895
424,0.036566748,0.040222808,0.044791137,0.040873165,0.043335712
426,0.036415044,0.040055,0.044629705,0.040702997,0.043164033
428,0.036264016,0.039887932,0.044468468,0.040533559,0.042992864
430,0.036113662,0.039721599,0.044307437,0.040364848,0.042822209
432,0.035963978,0.039556,0.04414662,0.040196864,0.042652071
434,0.035814961,0.039391132,0.043986026,0.040029603,0.042482455
436,0.035666608,0.039226992,0.043825663,0.039863064,0.042313364
438,0.035518916,0.039063576,0.043665541,0.039697243,0.042144801
440,0.035371881,0.038900882,0.043505667,0.039532139,0.04197677
442,0.035225502,0.038738907,0.043346049,0.03936775,0.041809274
444,0.035079775,0.038577648,0.043186694,0.039204072,0.041642316
446,0.034934697,0.038417102,0.043027612,0.039041105,0.041475898
448,0.034790264,0.038257266,0.042868807,0.038878844,0.041310023
450,0.034646475,0.038098137,0.042710289,0.038717288,0.041144695
452,0.034503326,0.037939712,0.042552063,0.038556435,0.040979915
454,0.034360814,0.037781988,0.042394137,0.038396281,0.040815685
456,0.034218937,0.037624963,0.042236516,0.038236825,0.040652008
458,0.034077691,0.037468633,0.042079208,0.038078063,0.040488886
460,0.033937073,0.037312995,0.041922219,0.037919994,0.04032632
462,0.033797081,0.037158047,0.041765554,0.037762615,0.040164312
464,0.033657712,0.037003785,0.041609219,0.037605923,0.040002865
466,0.033518963,0.036850207,0.04145322,0.037449916,0.039841979
468,0.033380831,0.03669731,0.041297563,0.037294591,0.039681656
470,0.033243313,0.03654509,0.041142253,0.037139945,0.039521898
472,0.033106407,0.036393545,0.040987295,0.036985977,0.039362705
474,0.032970109,0.036242673,0.040832693,0.036832683,0.039204078
476,0.032834418,0.036092469,0.040678454,0.03668006,0.039046019
478,0.032699329,0.035942931,0.040524581,0.036528107,0.038888529
480,0.032564841,0.035794056,0.04037108,0.03637682,0.038731608
482,0.032430951,0.035645842,0.040217954,0.036226197,0.038575258
484,0.032297656,0.035498285,0.040065208,0.036076236,0.038419478
486,0.032164952,0.035351383,0.039912846,0.035926933,0.038264269
488,0.032032839,0.035205133,0.039760872,0.035778286,0.038109633
490,0.031901312,0.035059531,0.03960929,0.035630293,0.037955568
492,0.031770369,0.034914576,0.039458104,0.03548295,0.037802076
494,0.031640008,0.034770263,0.039307317,0.035336255,0.037649158
496,0.031510226,0.034626591,0.039156933,0.035190206,0.037496812
498,0.03138102,0.034483557,0.039006955,0.0350448,0.037345039
500,0.031252387,0.034341157,0.038857387,0.034900034,0.03719384
502,0.031124326,0.034199389,0.038708232,0.034755906,0.037043213
504,0.030996833,0.034058251,0.038559493,0.034612412,0.03689316
506,0.030869905,0.033917738,0.038411172,0.034469551,0.03674368
508,0.030743541,0.033777849,0.038263273,0.034327319,0.036594772
510,0.030617737,0.033638581,0.038115798,0.034185715,0.036446437
512,0.030492492,0.033499931,0.03796875,0.034044735,0.036298674
514,0.030367802,0.033361896,0.037822131,0.033904376,0.036151483
516,0.030243665,0.033224473,0.037675945,0.033764637,0.036004863
518,0.030120078,0.03308766,0.037530192,0.033625514,0.035858814
520,0.029997039,0.032951455,0.037384876,0.033487006,0.035713335
522,0.029874546,0.032815853,0.037239999,0.033349108,0.035568426
524,0.029752596,0.032680853,0.037095562,0.03321182,0.035424086
526,0.029631186,0.032546453,0.036951568,0.033075137,0.035280314
528,0.029510314,0.032412648,0.036808018,0.032939058,0.03513711
530,0.029389978,0.032279437,0.036664914,0.03280358,0.034994473
532,0.029270175,0.032146817,0.036522259,0.0326687,0.034852401
534,0.029150902,0.032014785,0.036380053,0.032534416,0.034710895
536,0.029032158,0.031883339,0.036238299,0.032400725,0.034569953
538,0.02891394,0.031752475,0.036096997,0.032267624,0.034429575
540,0.028796245,0.031622192,0.035956149,0.032135112,0.034289759
542,0.028679071,0.031492487,0.035815756,0.032003185,0.034150504
544,0.028562416,0.031363357,0.03567582,0.031871841,0.03401181
546,0.028446277,0.0312348,0.035536342,0.031741078,0.033873675
548,0.028330653,0.031106812,0.035397323,0.031610892,0.033736098
550,0.028215539,0.030979392,0.035258764,0.031481282,0.033599078
552,0.028100936,0.030852537,0.035120665,0.031352245,0.033462613
554,0.027986839,0.030726244,0.034983029,0.031223778,0.033326704
556,0.027873247,0.030600511,0.034845855,0.031095878,0.033191348
558,0.027760157,0.030475335,0.034709145,0.030968544,0.033056544
560,0.027647567,0.030350713,0.034572899,0.030841773,0.032922291
562,0.027535476,0.030226644,0.034437118,0.030715562,0.032788588
564,0.027423879,0.030103125,0.034301803,0.03058991,0.032655433
566,0.027312776,0.029980153,0.034166954,0.030464812,0.032522825
568,0.027202164,0.029857726,0.034032571,0.030340268,0.032390762
570,0.027092041,0.02973584,0.033898656,0.030216274,0.032259243
572,0.026982405,0.029614495,0.033765208,0.030092828,0.032128268
574,0.026873252,0.029493687,0.033632227,0.029969927,0.031997833
576,0.026764582,0.029373414,0.033499715,0.02984757,0.031867938
578,0.026656392,0.029253674,0.033367671,0.029725754,0.031738582
580,0.02654868,0.029134464,0.033236096,0.029604476,0.031609762
582,0.026441443,0.029015781,0.03310499,0.029483734,0.031481478
584,0.02633468,0.028897624,0.032974352,0.029363526,0.031353728
586,0.026228388,0.028779989,0.032844183,0.029243849,0.03122651
588,0.026122565,0.028662876,0.032714484,0.029124701,0.031099823
590,0.026017209,0.02854628,0.032585253,0.029006079,0.030973665
592,0.025912318,0.0284302,0.032456491,0.028887981,0.030848034
594,0.02580789,0.028314634,0.032328198,0.028770406,0.03072293
596,0.025703922,0.028199579,0.032200373,0.028653349,0.03059835
598,0.025600413,0.028085033,0.032073017,0.02853681,0.030474292
600,0.02549736,0.027970993,0.031946129,0.028420786,0.030350756
602,0.025394762,0.027857458,0.031819709,0.028305274,0.030227739
604,0.025292616,0.027744424,0.031693757,0.028190273,0.03010524
606,0.025190921,0.027631891,0.031568273,0.028075779,0.029983257
608,0.025089673,0.027519854,0.031443255,0.027961791,0.029861788
610,0.024988872,0.027408313,0.031318704,0.027848307,0.029740833
612,0.024888515,0.027297265,0.031194619,0.027735323,0.029620388
614,0.0247886,0.027186707,0.031071,0.027622839,0.029500453
616,0.024689125,0.027076638,0.030947846,0.027510851,0.029381026
618,0.024590088,0.026967055,0.030825157,0.027399357,0.029262104
620,0.024491487,0.026857956,0.030702933,0.027288356,0.029143687
622,0.02439332,0.026749339,0.030581172,0.027177845,0.029025772
624,0.024295586,0.026641202,0.030459874,0.027067821,0.028908358
626,0.024198281,0.026533542,0.030339038,0.026958283,0.028791442
628,0.024101405,0.026426357,0.030218664,0.026849228,0.028675024
630,0.024004955,0.026319646,0.030098752,0.026740655,0.028559102
632,0.02390893,0.026213405,0.0299793,0.02663256,0.028443673
634,0.023813327,0.026107633,0.029860308,0.026524942,0.028328736
636,0.023718144,0.026002328,0.029741774,0.0264178,0.02821429
638,0.02362338,0.025897487,0.029623699,0.026311129,0.028100332
640,0.023529033,0.025793109,0.029506082,0.026204929,0.02798686
642,0.0234351,0.025689192,0.029388921,0.026099197,0.027873873
644,0.02334158,0.025585732,0.029272215,0.025993932,0.02776137
646,0.023248472,0.025482729,0.029155965,0.025889131,0.027649348
648,0.023155772,0.02538018,0.029040169,0.025784791,0.027537805
650,0.02306348,0.025278083,0.028924826,0.025680912,0.02742674
652,0.022971593,0.025176436,0.028809935,0.02557749,0.027316151
654,0.02288011,0.025075237,0.028695495,0.025474524,0.027206036
656,0.022789028,0.024974483,0.028581506,0.025372012,0.027096393
658,0.022698346,0.024874174,0.028467966,0.025269951,0.026987221
660,0.022608063,0.024774306,0.028354875,0.02516834,0.026878518
662,0.022518176,0.024674879,0.028242231,0.025067176,0.026770281
664,0.022428683,0.024575889,0.028130034,0.024966459,0.02666251
666,0.022339583,0.024477335,0.028018282,0.024866184,0.026555202
668,0.022250874,0.024379215,0.027906974,0.024766351,0.026448356
670,0.022162554,0.024281527,0.02779611,0.024666958,0.02634197
672,0.022074621,0.024184269,0.027685688,0.024568002,0.026236041
674,0.021987074,0.024087439,0.027575707,0.024469481,0.026130569
676,0.021899911,0.023991035,0.027466166,0.024371394,0.026025551
678,0.02181313,0.023895055,0.027357064,0.024273739,0.025920986
680,0.02172673,0.023799497,0.0272484,0.024176514,0.025816871
682,0.021640708,0.023704359,0.027140173,0.024079716,0.025713206
684,0.021555062,0.02360964,0.027032381,0.023983344,0.025609988
686,0.021469793,0.023515338,0.026925023,0.023887395,0.025507215
688,0.021384896,0.023421449,0.026818099,0.023791869,0.025404886
690,0.021300372,0.023327974,0.026711607,0.023696763,0.025302999
692,0.021216217,0.023234909,0.026605545,0.023602074,0.025201552
694,0.021132432,0.023142254,0.026499914,0.023507802,0.025100543
696,0.021049012,0.023050005,0.02639471,0.023413944,0.024999971
698,0.020965958,0.022958162,0.026289934,0.023320499,0.024899834
700,0.020883268,0.022866722,0.026185584,0.023227464,0.02480013
702,0.020800939,0.022775683,0.026081659,0.023134838,0.024700857
704,0.02071897,0.022685045,0.025978157,0.023042619,0.024602013
706,0.02063736,0.022594804,0.025875078,0.022950805,0.024503598
708,0.020556107,0.022504959,0.025772419,0.022859394,0.024405608
710,0.020475209,0.022415509,0.025670181,0.022768384,0.024308043
712,0.020394665,0.022326451,0.02556836,0.022677774,0.0242109
714,0.020314473,0.022237784,0.025466957,0.022587561,0.024114177
716,0.020234631,0.022149506,0.025365971,0.022497744,0.024017874
718,0.020155138,0.022061615,0.025265398,0.022408322,0.023921988
720,0.020075993,0.02197411,0.025165239,0.022319292,0.023826518
722,0.019997193,0.021886988,0.025065492,0.022230652,0.023731461
724,0.019918737,0.021800248,0.024966156,0.022142401,0.023636816
726,0.019840624,0.021713888,0.024867229,0.022054537,0.023542582
728,0.019762852,0.021627907,0.024768711,0.021967059,0.023448756
730,0.019685419,0.021542303,0.024670599,0.021879964,0.023355337
732,0.019608324,0.021457073,0.024572892,0.02179325,0.023262324
734,0.019531566,0.021372217,0.02447559,0.021706917,0.023169714
736,0.019455142,0.021287733,0.02437869,0.021620962,0.023077505
738,0.019379052,0.021203618,0.024282192,0.021535384,0.022985697
740,0.019303294,0.021119872,0.024186095,0.02145018,0.022894287
742,0.019227866,0.021036493,0.024090395,0.02136535,0.022803274
744,0.019152767,0.020953478,0.023995094,0.021280891,0.022712656
746,0.019077995,0.020870827,0.023900188,0.021196802,0.022622431
748,0.019003549,0.020788537,0.023805678,0.021113081,0.022532598
750,0.018929428,0.020706607,0.02371156,0.021029726,0.022443155
752,0.018855629,0.020625036,0.023617835,0.020946737,0.0223541
754,0.018782152,0.020543821,0.0235245,0.02086411,0.022265432
756,0.018708995,0.020462962,0.023431555,0.020781845,0.022177149
758,0.018636157,0.020382456,0.023338998,0.02069994,0.02208925
760,0.018563635,0.020302302,0.023246827,0.020618393,0.022001732
762,0.018491429,0.020222498,0.023155041,0.020537203,0.021914594
764,0.018419538,0.020143043,0.02306364,0.020456367,0.021827834
766,0.018347959,0.020063935,0.02297262,0.020375885,0.021741452
768,0.018276692,0.019985173,0.022881982,0.020295755,0.021655445
770,0.018205734,0.019906754,0.022791724,0.020215975,0.021569811
772,0.018135086,0.019828678,0.022701844,0.020136543,0.021484549
774,0.018064744,0.019750943,0.022612341,0.020057459,0.021399658
776,0.017994708,0.019673547,0.022523214,0.01997872,0.021315135
778,0.017924977,0.019596489,0.022434461,0.019900325,0.021230979
780,0.017855548,0.019519768,0.022346081,0.019822272,0.021147189
782,0.017786422,0.019443381,0.022258072,0.01974456,0.021063763
784,0.017717595,0.019367327,0.022170434,0.019667187,0.0209807
786,0.017649068,0.019291605,0.022083164,0.019590152,0.020897997
788,0.017580838,0.019216213,0.021996262,0.019513453,0.020815654
790,0.017512904,0.01914115,0.021909726,0.019437088,0.020733668
792,0.017445265,0.019066414,0.021823555,0.019361057,0.020652039
794,0.01737792,0.018992004,0.021737746,0.019285357,0.020570764
796,0.017310867,0.018917918,0.0216523,0.019209987,0.020489842
798,0.017244104,0.018844154,0.021567214,0.019134946,0.020409271
800,0.017177632,0.018770713,0.021482488,0.019060232,0.020329051
802,0.017111447,0.018697591,0.021398119,0.018985844,0.020249179
804,0.01704555,0.018624787,0.021314107,0.018911779,0.020169653
806,0.016979938,0.0185523,0.02123045,0.018838038,0.020090474
808,0.016914611,0.018480129,0.021147146,0.018764618,0.020011638
810,0.016849566,0.018408272,0.021064195,0.018691517,0.019933144
812,0.016784804,0.018336728,0.020981595,0.018618735,0.019854992
814,0.016720322,0.018265495,0.020899345,0.018546269,0.019777178
816,0.016656119,0.018194572,0.020817443,0.018474119,0.019699703
818,0.016592194,0.018123957,0.020735888,0.018402283,0.019622564
820,0.016528546,0.018053649,0.020654678,0.01833076,0.01954576
822,0.016465174,0.017983647,0.020573813,0.018259547,0.019469289
824,0.016402076,0.017913949,0.02049329,0.018188645,0.01939315
826,0.01633925,0.017844554,0.02041311,0.018118051,0.019317342
828,0.016276697,0.017775461,0.020333269,0.018047763,0.019241863
830,0.016214414,0.017706667,0.020253767,0.017977782,0.019166711
832,0.0161524,0.017638173,0.020174602,0.017908104,0.019091885
834,0.016090654,0.017569976,0.020095774,0.01783873,0.019017385
836,0.016029176,0.017502075,0.020017281,0.017769656,0.018943207
838,0.015967963,0.017434469,0.019939121,0.017700883,0.018869351
840,0.015907014,0.017367156,0.019861293,0.017632409,0.018795816
842,0.015846329,0.017300135,0.019783797,0.017564232,0.0187226
844,0.015785905,0.017233405,0.019706629,0.01749635,0.018649701
846,0.015725743,0.017166965,0.01962979,0.017428764,0.018577119
848,0.015665841,0.017100812,0.019553278,0.017361471,0.018504851
850,0.015606196,0.017034947,0.019477091,0.01729447,0.018432896
852,0.01554681,0.016969367,0.019401229,0.017227759,0.018361254
854,0.015487679,0.016904071,0.019325689,0.017161338,0.018289922
856,0.015428804,0.016839058,0.019250471,0.017095205,0.0182189
858,0.015370182,0.016774327,0.019175574,0.017029359,0.018148185
860,0.015311813,0.016709877,0.019100995,0.016963798,0.018077777
862,0.015253696,0.016645705,0.019026734,0.016898521,0.018007674
864,0.01519583,0.016581811,0.01895279,0.016833527,0.017937874
866,0.015138212,0.016518194,0.01887916,0.016768815,0.017868377
868,0.015080843,0.016454853,0.018805845,0.016704383,0.017799181
870,0.015023721,0.016391785,0.018732842,0.01664023,0.017730285
872,0.014966845,0.01632899,0.01866015,0.016576355,0.017661688
874,0.014910214,0.016266467,0.018587768,0.016512757,0.017593387
876,0.014853826,0.016204215,0.018515695,0.016449434,0.017525382
878,0.014797682,0.016142231,0.01844393,0.016386385,0.017457671
880,0.014741779,0.016080516,0.01837247,0.016323608,0.017390254
882,0.014686116,0.016019067,0.018301316,0.016261103,0.017323129
884,0.014630693,0.015957884,0.018230465,0.016198869,0.017256293
886,0.014575508,0.015896965,0.018159916,0.016136903,0.017189748
888,0.01452056,0.015836309,0.018089669,0.016075206,0.01712349
890,0.014465848,0.015775916,0.018019721,0.016013775,0.017057518
892,0.014411372,0.015715783,0.017950072,0.01595261,0.016991832
894,0.014357129,0.01565591,0.01788072,0.015891709,0.016926431
896,0.01430312,0.015596295,0.017811665,0.015831071,0.016861311
898,0.014249342,0.015536937,0.017742904,0.015770695,0.016796474
900,0.014195796,0.015477836,0.017674437,0.015710579,0.016731917
902,0.014142479,0.015418989,0.017606263,0.015650723,0.016667639
904,0.014089391,0.015360396,0.017538379,0.015591126,0.016603638
906,0.01403653,0.015302056,0.017470786,0.015531786,0.016539914
908,0.013983897,0.015243968,0.017403482,0.015472701,0.016476466
910,0.013931489,0.015186129,0.017336464,0.015413872,0.016413292
912,0.013879306,0.01512854,0.017269734,0.015355296,0.01635039
914,0.013827347,0.0150712,0.017203288,0.015296973,0.01628776
916,0.01377561,0.015014106,0.017137126,0.015238901,0.016225401
918,0.013724095,0.014957258,0.017071247,0.01518108,0.01616331
920,0.013672801,0.014900654,0.01700565,0.015123508,0.016101488
922,0.013621726,0.014844295,0.016940333,0.015066184,0.016039933
924,0.01357087,0.014788178,0.016875295,0.015009106,0.015978643
926,0.013520232,0.014732302,0.016810535,0.014952275,0.015917617
928,0.01346981,0.014676667,0.016746051,0.014895688,0.015856855
930,0.013419605,0.014621271,0.016681843,0.014839345,0.015796355
932,0.013369614,0.014566113,0.01661791,0.014783244,0.015736116
934,0.013319836,0.014511193,0.01655425,0.014727385,0.015676137
936,0.013270272,0.014456508,0.016490862,0.014671766,0.015616416
938,0.01322092,0.014402058,0.016427745,0.014616386,0.015556952
940,0.013171778,0.014347843,0.016364898,0.014561244,0.015497745
942,0.013122847,0.01429386,0.016302319,0.01450634,0.015438793
944,0.013074124,0.014240109,0.016240008,0.014451671,0.015380094
946,0.01302561,0.014186589,0.016177963,0.014397238,0.015321649
948,0.012977303,0.014133298,0.016116183,0.014343038,0.015263455
950,0.012929202,0.014080237,0.016054667,0.014289071,0.015205512
952,0.012881306,0.014027403,0.015993414,0.014235336,0.015147818
954,0.012833614,0.013974795,0.015932423,0.014181831,0.015090373
956,0.012786127,0.013922414,0.015871693,0.014128556,0.015033175
958,0.012738841,0.013870256,0.015811222,0.01407551,0.014976223
960,0.012691758,0.013818323,0.015751009,0.014022692,0.014919515
962,0.012644875,0.013766612,0.015691054,0.0139701,0.014863052
964,0.012598191,0.013715122,0.015631355,0.013917733,0.014806832
966,0.012551707,0.013663854,0.015571911,0.013865592,0.014750853
968,0.012505421,0.013612804,0.015512721,0.013813673,0.014695115
970,0.012459332,0.013561974,0.015453784,0.013761978,0.014639616
972,0.012413439,0.013511361,0.015395099,0.013710503,0.014584356
974,0.012367741,0.013460965,0.015336664,0.01365925,0.014529333
976,0.012322238,0.013410784,0.015278479,0.013608216,0.014474547
978,0.012276929,0.013360818,0.015220543,0.0135574,0.014419996
980,0.012231812,0.013311066,0.015162854,0.013506802,0.014365679
982,0.012186887,0.013261526,0.015105411,0.013456421,0.014311595
984,0.012142154,0.013212199,0.015048214,0.013406255,0.014257743
986,0.01209761,0.013163082,0.014991261,0.013356304,0.014204123
988,0.012053256,0.013114175,0.014934551,0.013306566,0.014150732
990,0.01200909,0.013065477,0.014878083,0.013257041,0.01409757
992,0.011965111,0.013016987,0.014821856,0.013207728,0.014044637
994,0.01192132,0.012968704,0.01476587,0.013158626,0.01399193
996,0.011877714,0.012920627,0.014710122,0.013109733,0.01393945
998,0.011834294,0.012872756,0.014654612,0.01306105,0.013887194
1000,0.011791057,0.012825089,0.01459934,0.013012574,0.013835162
1002,0.011748004,0.012777625,0.014544303,0.012964305,0.013783353
1004,0.011705134,0.012730363,0.014489501,0.012916243,0.013731766
1006,0.011662445,0.012683304,0.014434933,0.012868385,0.0136804
1008,0.011619938,0.012636444,0.014380597,0.012820732,0.013629253
1010,0.01157761,0.012589785,0.014326494,0.012773282,0.013578326
1012,0.011535462,0.012543324,0.014272621,0.012726035,0.013527617
1014,0.011493493,0.012497061,0.014218978,0.012678989,0.013477124
1016,0.011451701,0.012450996,0.014165563,0.012632143,0.013426848
1018,0.011410086,0.012405126,0.014112377,0.012585498,0.013376787
1020,0.011368647,0.012359452,0.014059417,0.012539051,0.013326939
1022,0.011327383,0.012313972,0.014006683,0.012492802,0.013277305
1024,0.011286294,0.012268686,0.013954174,0.012446749,0.013227883
1026,0.011245379,0.012223592,0.013901889,0.012400893,0.013178672
1028,0.011204637,0.01217869,0.013849826,0.012355233,0.013129671
1030,0.011164067,0.012133979,0.013797985,0.012309766,0.01308088
1032,0.011123669,0.012089458,0.013746365,0.012264493,0.013032297
1034,0.011083441,0.012045126,0.013694965,0.012219413,0.012983921
1036,0.011043383,0.012000983,0.013643784,0.012174524,0.012935752
1038,0.011003494,0.011957027,0.013592821,0.012129826,0.012887789
1040,0.010963774,0.011913257,0.013542075,0.012085318,0.01284003
1042,0.010924221,0.011869674,0.013491545,0.012041,0.012792475
1044,0.010884835,0.011826275,0.013441231,0.011996869,0.012745122
1046,0.010845616,0.011783061,0.01339113,0.011952926,0.012697972
1048,0.010806561,0.01174003,0.013341243,0.01190917,0.012651022
1050,0.010767672,0.011697181,0.013291567,0.011865599,0.012604273
1052,0.010728946,0.011654515,0.013242104,0.011822214,0.012557723
1054,0.010690383,0.011612029,0.01319285,0.011779012,0.012511371
1056,0.010651983,0.011569723,0.013143806,0.011735994,0.012465216
1058,0.010613744,0.011527596,0.013094971,0.011693158,0.012419258
1060,0.010575667,0.011485648,0.013046344,0.011650504,0.012373496
1062,0.01053775,0.011443877,0.012997923,0.01160803,0.012327928
1064,0.010499992,0.011402283,0.012949708,0.011565737,0.012282555
1066,0.010462393,0.011360866,0.012901698,0.011523623,0.012237374
1068,0.010424953,0.011319623,0.012853892,0.011481687,0.012192385
1070,0.010387669,0.011278555,0.012806289,0.011439929,0.012147588
1072,0.010350543,0.011237661,0.012758888,0.011398347,0.012102981
1074,0.010313572,0.01119694,0.012711689,0.011356942,0.012058564
1076,0.010276757,0.011156391,0.01266469,0.011315712,0.012014336
1078,0.010240096,0.011116013,0.01261789,0.011274656,0.011970295
1080,0.010203589,0.011075806,0.01257129,0.011233774,0.011926441
1082,0.010167236,0.011035769,0.012524887,0.011193065,0.011882774
1084,0.010131035,0.0109959,0.012478681,0.011152528,0.011839292
1086,0.010094986,0.010956201,0.012432671,0.011112162,0.011795994
1088,0.010059088,0.010916668,0.012386856,0.011071967,0.01175288
1090,0.010023341,0.010877303,0.012341236,0.011031942,0.011709949
1092,0.009987743,0.010838104,0.012295809,0.010992085,0.0116672
1094,0.009952295,0.010799069,0.012250575,0.010952397,0.011624633
1096,0.009916995,0.0107602,0.012205532,0.010912877,0.011582245
1098,0.009881843,0.010721494,0.012160681,0.010873523,0.011540038
1100,0.009846838,0.010682952,0.012116019,0.010834335,0.011498009
1102,0.009811979,0.010644572,0.012071547,0.010795313,0.011456158
1104,0.009777267,0.010606353,0.012027263,0.010756455,0.011414484
1106,0.0097427,0.010568296,0.011983167,0.010717761,0.011372987
1108,0.009708277,0.010530399,0.011939258,0.01067923,0.011331665
1110,0.009673998,0.010492661,0.011895534,0.010640861,0.011290519
1112,0.009639862,0.010455082,0.011851995,0.010602654,0.011249546
1114,0.009605869,0.010417661,0.011808641,0.010564608,0.011208746
1116,0.009572018,0.010380397,0.01176547,0.010526722,0.011168119
1118,0.009538309,0.01034329,0.011722482,0.010488995,0.011127664
1120,0.00950474,0.010306339,0.011679676,0.010451427,0.01108738
1122,0.009471311,0.010269543,0.01163705,0.010414018,0.011047266
1124,0.009438022,0.010232902,0.011594605,0.010376765,0.011007321
1126,0.009404871,0.010196414,0.01155234,0.010339669,0.010967545
1128,0.009371859,0.01016008,0.011510252,0.010302729,0.010927937
1130,0.009338984,0.010123898,0.011468343,0.010265944,0.010888496
1132,0.009306246,0.010087868,0.011426611,0.010229314,0.010849222
1134,0.009273645,0.010051989,0.011385055,0.010192837,0.010810113
1136,0.00924118,0.01001626,0.011343675,0.010156514,0.010771169
1138,0.009208849,0.009980681,0.011302469,0.010120343,0.010732389
1140,0.009176653,0.009945251,0.011261437,0.010084323,0.010693773
1142,0.009144592,0.009909969,0.011220579,0.010048455,0.010655319
1144,0.009112663,0.009874836,0.011179892,0.010012737,0.010617027
1146,0.009080867,0.009839849,0.011139378,0.009977169,0.010578897
1148,0.009049204,0.009805009,0.011099034,0.00994175,0.010540927
1150,0.009017672,0.009770315,0.01105886,0.00990648,0.010503117
1152,0.008986271,0.009735766,0.011018856,0.009871357,0.010465466
1154,0.008955001,0.009701361,0.01097902,0.009836381,0.010427974
1156,0.00892386,0.0096671,0.010939352,0.009801551,0.010390639
1158,0.008892848,0.009632983,0.010899851,0.009766867,0.010353461
1160,0.008861966,0.009599008,0.010860517,0.009732328,0.010316439
1162,0.008831211,0.009565175,0.010821348,0.009697934,0.010279573
1164,0.008800584,0.009531483,0.010782344,0.009663684,0.010242862
1166,0.008770084,0.009497932,0.010743504,0.009629576,0.010206305
1168,0.00873971,0.009464521,0.010704828,0.009595611,0.010169902
1170,0.008709462,0.009431249,0.010666314,0.009561788,0.010133651
1172,0.008679339,0.009398116,0.010627963,0.009528107,0.010097553
1174,0.008649342,0.009365122,0.010589772,0.009494566,0.010061606
1176,0.008619468,0.009332264,0.010551742,0.009461165,0.01002581
1178,0.008589718,0.009299544,0.010513872,0.009427903,0.009990163
1180,0.008560091,0.00926696,0.010476161,0.00939478,0.009954667
1182,0.008530586,0.009234512,0.010438609,0.009361795,0.009919319
1184,0.008501203,0.009202199,0.010401214,0.009328948,0.009884119
1186,0.008471942,0.00917002,0.010363976,0.009296237,0.009849066
1188,0.008442802,0.009137975,0.010326895,0.009263663,0.009814161
1190,0.008413782,0.009106064,0.010289969,0.009231225,0.009779401
1192,0.008384882,0.009074285,0.010253198,0.009198921,0.009744787
1194,0.008356101,0.009042638,0.010216581,0.009166753,0.009710318
1196,0.008327439,0.009011123,0.010180118,0.009134718,0.009675993
1198,0.008298895,0.008979739,0.010143807,0.009102816,0.009641811
1200,0.008270469,0.008948486,0.010107649,0.009071047,0.009607772
1202,0.008242159,0.008917362,0.010071643,0.00903941,0.009573876
1204,0.008213967,0.008886367,0.010035787,0.009007904,0.009540121
1206,0.008185891,0.008855501,0.010000081,0.00897653,0.009506507
1208,0.00815793,0.008824763,0.009964525,0.008945286,0.009473033
1210,0.008130084,0.008794152,0.009929118,0.008914171,0.0094397
1212,0.008102353,0.008763668,0.009893859,0.008883186,0.009406505
1214,0.008074737,0.008733311,0.009858747,0.008852329,0.009373449
1216,0.008047233,0.008703079,0.009823783,0.008821601,0.00934053
1218,0.008019843,0.008672973,0.009788964,0.008790999,0.009307749
1220,0.007992565,0.008642991,0.009754291,0.008760525,0.009275104
1222,0.007965399,0.008613133,0.009719763,0.008730177,0.009242596
1224,0.007938345,0.008583399,0.00968538,0.008699955,0.009210223
1226,0.007911402,0.008553788,0.00965114,0.008669858,0.009177984
1228,0.00788457,0.0085243,0.009617042,0.008639885,0.00914588
1230,0.007857847,0.008494933,0.009583088,0.008610037,0.00911391
1232,0.007831235,0.008465688,0.009549275,0.008580312,0.009082072
1234,0.007804731,0.008436563,0.009515603,0.00855071,0.009050367
1236,0.007778336,0.008407559,0.009482071,0.00852123,0.009018794
1238,0.007752049,0.008378674,0.00944868,0.008491873,0.008987351
1240,0.00772587,0.008349909,0.009415427,0.008462636,0.00895604
1242,0.007699798,0.008321262,0.009382314,0.008433521,0.008924859
1244,0.007673832,0.008292734,0.009349338,0.008404525,0.008893807
1246,0.007647973,0.008264323,0.0093165,0.00837565,0.008862884
1248,0.00762222,0.00823603,0.009283798,0.008346893,0.008832089
1250,0.007596572,0.008207853,0.009251233,0.008318256,0.008801422
1252,0.007571029,0.008179792,0.009218803,0.008289736,0.008770882
1254,0.00754559,0.008151846,0.009186508,0.008261334,0.008740469
1256,0.007520255,0.008124016,0.009154347,0.008233049,0.008710182
1258,0.007495023,0.0080963,0.00912232,0.00820488,0.008680021
1260,0.007469895,0.008068698,0.009090427,0.008176828,0.008649984
1262,0.007444869,0.00804121,0.009058666,0.008148891,0.008620072
1264,0.007419945,0.008013835,0.009027037,0.008121069,0.008590284
1266,0.007395122,0.007986572,0.008995539,0.008093361,0.008560619
1268,0.007370401,0.007959421,0.008964172,0.008065768,0.008531076
1270,0.007345781,0.007932382,0.008932936,0.008038288,0.008501656
1272,0.00732126,0.007905454,0.008901829,0.008010921,0.008472358
1274,0.00729684,0.007878636,0.008870851,0.007983666,0.00844318
1276,0.007272519,0.007851928,0.008840001,0.007956524,0.008414123
1278,0.007248297,0.00782533,0.00880928,0.007929493,0.008385186
1280,0.007224174,0.007798841,0.008778686,0.007902573,0.008356369
1282,0.007200148,0.007772461,0.008748219,0.007875763,0.008327671
1284,0.00717622,0.007746188,0.008717878,0.007849064,0.008299091
1286,0.00715239,0.007720023,0.008687662,0.007822474,0.008270629
1288,0.007128656,0.007693966,0.008657572,0.007795993,0.008242284
1290,0.007105019,0.007668015,0.008627606,0.007769621,0.008214056
1292,0.007081477,0.00764217,0.008597765,0.007743356,0.008185945
1294,0.007058031,0.007616431,0.008568046,0.007717199,0.008157949
1296,0.00703468,0.007590797,0.008538451,0.00769115,0.008130068
1298,0.007011424,0.007565268,0.008508978,0.007665207,0.008102303
1300,0.006988262,0.007539843,0.008479627,0.00763937,0.008074652
1302,0.006965193,0.007514522,0.008450397,0.007613639,0.008047114
1304,0.006942219,0.007489305,0.008421288,0.007588013,0.00801969
1306,0.006919337,0.00746419,0.008392299,0.007562492,0.007992378
1308,0.006896547,0.007439178,0.00836343,0.007537075,0.007965179
1310,0.00687385,0.007414268,0.00833468,0.007511762,0.007938092
1312,0.006851245,0.007389459,0.008306048,0.007486553,0.007911116
1314,0.006828731,0.007364752,0.008277535,0.007461446,0.00788425
1316,0.006806308,0.007340145,0.008249139,0.007436442,0.007857495
1318,0.006783976,0.007315639,0.00822086,0.007411539,0.00783085
1320,0.006761733,0.007291232,0.008192698,0.007386739,0.007804314
1322,0.006739581,0.007266925,0.008164652,0.007362039,0.007777887
1324,0.006717518,0.007242716,0.008136721,0.00733744,0.007751568
1326,0.006695544,0.007218606,0.008108905,0.007312941,0.007725357
1328,0.006673658,0.007194594,0.008081204,0.007288542,0.007699253
1330,0.006651861,0.00717068,0.008053617,0.007264242,0.007673256
1332,0.006630151,0.007146863,0.008026143,0.007240042,0.007647366
1334,0.006608529,0.007123142,0.007998782,0.007215939,0.007621582
1336,0.006586994,0.007099518,0.007971533,0.007191935,0.007595903
1338,0.006565545,0.00707599,0.007944397,0.007168028,0.007570329
1340,0.006544183,0.007052557,0.007917372,0.007144218,0.00754486
1342,0.006522906,0.007029219,0.007890458,0.007120505,0.007519495
1344,0.006501715,0.007005976,0.007863654,0.007096888,0.007494233
1346,0.00648061,0.006982827,0.007836961,0.007073367,0.007469075
1348,0.006459589,0.006959772,0.007810377,0.007049942,0.007444019
1350,0.006438652,0.00693681,0.007783902,0.007026611,0.007419066
1352,0.006417799,0.006913941,0.007757535,0.007003375,0.007394214
1354,0.00639703,0.006891165,0.007731277,0.006980233,0.007369464
1356,0.006376344,0.006868481,0.007705126,0.006957185,0.007344814
1358,0.006355742,0.006845888,0.007679082,0.006934231,0.007320266
1360,0.006335221,0.006823387,0.007653145,0.006911369,0.007295817
1362,0.006314783,0.006800977,0.007627314,0.006888599,0.007271467
1364,0.006294427,0.006778657,0.007601588,0.006865922,0.007247217
1366,0.006274152,0.006756428,0.007575968,0.006843337,0.007223066
1368,0.006253958,0.006734288,0.007550453,0.006820842,0.007199012
1370,0.006233845,0.006712237,0.007525042,0.006798439,0.007175057
1372,0.006213812,0.006690275,0.007499734,0.006776126,0.007151199
1374,0.006193859,0.006668402,0.007474531,0.006753903,0.007127437
1376,0.006173986,0.006646617,0.00744943,0.00673177,0.007103773
1378,0.006154193,0.00662492,0.007424431,0.006709727,0.007080204
1380,0.006134478,0.00660331,0.007399534,0.006687772,0.007056731
1382,0.006114842,0.006581787,0.007374739,0.006665906,0.007033354
1384,0.006095284,0.006560351,0.007350046,0.006644127,0.007010071
1386,0.006075804,0.006539001,0.007325452,0.006622437,0.006986882
1388,0.006056402,0.006517737,0.007300959,0.006600834,0.006963788
1390,0.006037077,0.006496558,0.007276566,0.006579318,0.006940787
1392,0.006017829,0.006475465,0.007252272,0.006557888,0.006917879
1394,0.005998657,0.006454456,0.007228077,0.006536545,0.006895064
1396,0.005979562,0.006433531,0.00720398,0.006515287,0.006872342
1398,0.005960543,0.00641269,0.007179982,0.006494115,0.006849711
1400,0.005941599,0.006391933,0.007156081,0.006473028,0.006827172
1402,0.00592273,0.006371259,0.007132277,0.006452026,0.006804724
1404,0.005903937,0.006350669,0.00710857,0.006431108,0.006782367
1406,0.005885218,0.00633016,0.007084959,0.006410274,0.0067601
1408,0.005866573,0.006309734,0.007061444,0.006389524,0.006737922
1410,0.005848002,0.006289389,0.007038024,0.006368856,0.006715835
1412,0.005829505,0.006269126,0.0070147,0.006348272,0.006693836
1414,0.005811081,0.006248944,0.00699147,0.00632777,0.006671927
1416,0.00579273,0.006228842,0.006968334,0.00630735,0.006650105
1418,0.005774451,0.006208821,0.006945292,0.006287012,0.006628372
1420,0.005756245,0.00618888,0.006922343,0.006266756,0.006606726
1422,0.005738111,0.006169019,0.006899488,0.00624658,0.006585167
1424,0.005720049,0.006149237,0.006876724,0.006226485,0.006563695
1426,0.005702058,0.006129533,0.006854053,0.006206471,0.00654231
1428,0.005684138,0.006109909,0.006831474,0.006186536,0.00652101
1430,0.005666289,0.006090362,0.006808986,0.006166681,0.006499796
1432,0.00564851,0.006070894,0.006786589,0.006146905,0.006478668
1434,0.005630802,0.006051503,0.006764282,0.006127209,0.006457624
1436,0.005613163,0.006032189,0.006742066,0.00610759,0.006436665
1438,0.005595594,0.006012952,0.006719939,0.00608805,0.00641579
1440,0.005578094,0.005993792,0.006697901,0.006068588,0.006394999
1442,0.005560663,0.005974708,0.006675953,0.006049203,0.006374291
1444,0.0055433,0.0059557,0.006654092,0.006029896,0.006353666
1446,0.005526006,0.005936767,0.00663232,0.006010665,0.006333124
1448,0.00550878,0.00591791,0.006610636,0.005991511,0.006312664
1450,0.005491622,0.005899127,0.006589039,0.005972433,0.006292286
1452,0.005474531,0.005880419,0.00656753,0.005953431,0.00627199
1454,0.005457507,0.005861785,0.006546106,0.005934505,0.006251775
1456,0.00544055,0.005843225,0.006524769,0.005915653,0.006231641
1458,0.005423659,0.005824739,0.006503518,0.005896877,0.006211587
1460,0.005406835,0.005806326,0.006482352,0.005878174,0.006191614
1462,0.005390077,0.005787986,0.006461271,0.005859546,0.00617172
1464,0.005373384,0.005769718,0.006440275,0.005840992,0.006151906
1466,0.005356757,0.005751523,0.006419364,0.005822512,0.006132171
1468,0.005340195,0.0057334,0.006398536,0.005804104,0.006112515
1470,0.005323698,0.005715348,0.006377792,0.00578577,0.006092937
1472,0.005307265,0.005697368,0.006357131,0.005767508,0.006073437
1474,0.005290897,0.005679459,0.006336553,0.005749318,0.006054015
1476,0.005274592,0.00566162,0.006316057,0.005731201,0.006034671
1478,0.005258351,0.005643852,0.006295644,0.005713155,0.006015403
1480,0.005242174,0.005626154,0.006275312,0.00569518,0.005996212
1482,0.00522606,0.005608526,0.006255062,0.005677276,0.005977098
1484,0.005210008,0.005590967,0.006234893,0.005659443,0.00595806
1486,0.00519402,0.005573477,0.006214804,0.005641681,0.005939097
1488,0.005178093,0.005556057,0.006194796,0.005623988,0.00592021
1490,0.005162229,0.005538705,0.006174868,0.005606365,0.005901397
1492,0.005146426,0.005521421,0.00615502,0.005588812,0.00588266
1494,0.005130685,0.005504205,0.00613525,0.005571328,0.005863997
1496,0.005115005,0.005487057,0.00611556,0.005553913,0.005845408
1498,0.005099386,0.005469976,0.006095948,0.005536566,0.005826892
1500,0.005083828,0.005452962,0.006076415,0.005519288,0.00580845
1502,0.00506833,0.005436016,0.006056959,0.005502077,0.005790082
1504,0.005052893,0.005419135,0.006037581,0.005484934,0.005771786
1506,0.005037515,0.005402321,0.006018281,0.005467859,0.005753562
1508,0.005022197,0.005385573,0.005999057,0.005450851,0.005735411
1510,0.005006939,0.005368891,0.005979909,0.005433909,0.005717331
1512,0.004991739,0.005352273,0.005960838,0.005417034,0.005699323
1514,0.004976599,0.005335721,0.005941843,0.005400226,0.005681386
1516,0.004961517,0.005319234,0.005922923,0.005383483,0.00566352
1518,0.004946493,0.005302811,0.005904079,0.005366806,0.005645724
1520,0.004931528,0.005286453,0.005885309,0.005350194,0.005627999
1522,0.004916621,0.005270158,0.005866614,0.005333647,0.005610344
1524,0.004901771,0.005253927,0.005847993,0.005317165,0.005592758
1526,0.004886978,0.00523776,0.005829446,0.005300748,0.005575242
1528,0.004872243,0.005221655,0.005810973,0.005284395,0.005557794
1530,0.004857564,0.005205614,0.005792573,0.005268105,0.005540416
1532,0.004842942,0.005189635,0.005774246,0.00525188,0.005523105
1534,0.004828377,0.005173718,0.005755991,0.005235718,0.005505863
1536,0.004813867,0.005157863,0.005737809,0.005219618,0.005488689
1538,0.004799414,0.00514207,0.005719699,0.005203582,0.005471582
1540,0.004785016,0.005126339,0.00570166,0.005187609,0.005454543
1542,0.004770674,0.005110668,0.005683693,0.005171697,0.005437571
1544,0.004756386,0.005095059,0.005665797,0.005155848,0.005420665
1546,0.004742154,0.00507951,0.005647971,0.00514006,0.005403825
1548,0.004727976,0.005064022,0.005630216,0.005124334,0.005387052
1550,0.004713853,0.005048594,0.005612531,0.005108669,0.005370344
1552,0.004699784,0.005033226,0.005594916,0.005093065,0.005353702
1554,0.004685769,0.005017917,0.00557737,0.005077522,0.005337125
1556,0.004671808,0.005002668,0.005559894,0.005062039,0.005320613
1558,0.0046579,0.004987478,0.005542486,0.005046616,0.005304166
1560,0.004644046,0.004972347,0.005525147,0.005031253,0.005287783
1562,0.004630244,0.004957274,0.005507876,0.00501595,0.005271464
1564,0.004616496,0.00494226,0.005490674,0.005000706,0.005255209
1566,0.0046028,0.004927304,0.005473539,0.004985521,0.005239017
1568,0.004589156,0.004912406,0.005456471,0.004970394,0.005222889
1570,0.004575565,0.004897565,0.005439471,0.004955327,0.005206823
1572,0.004562025,0.004882782,0.005422537,0.004940318,0.00519082
1574,0.004548537,0.004868055,0.00540567,0.004925366,0.00517488
1576,0.004535101,0.004853386,0.005388869,0.004910473,0.005159002
1578,0.004521716,0.004838773,0.005372134,0.004895637,0.005143186
1580,0.004508382,0.004824216,0.005355464,0.004880858,0.005127431
1582,0.004495098,0.004809716,0.00533886,0.004866137,0.005111738
1584,0.004481866,0.004795272,0.005322321,0.004851472,0.005096106
1586,0.004468683,0.004780883,0.005305847,0.004836864,0.005080534
1588,0.004455551,0.004766549,0.005289438,0.004822312,0.005065023
1590,0.004442469,0.004752271,0.005273092,0.004807816,0.005049573
1592,0.004429437,0.004738047,0.005256811,0.004793376,0.005034182
1594,0.004416454,0.004723879,0.005240593,0.004778992,0.005018851
1596,0.00440352,0.004709764,0.005224438,0.004764663,0.00500358
1598,0.004390635,0.004695704,0.005208347,0.004750389,0.004988368
1600,0.004377799,0.004681698,0.005192319,0.00473617,0.004973215
1602,0.004365012,0.004667745,0.005176353,0.004722005,0.00495812
1604,0.004352274,0.004653846,0.005160449,0.004707896,0.004943084
1606,0.004339583,0.00464,0.005144608,0.00469384,0.004928107
1608,0.004326941,0.004626208,0.005128828,0.004679838,0.004913187
1610,0.004314346,0.004612468,0.005113109,0.00466589,0.004898325
1612,0.004301799,0.00459878,0.005097452,0.004651995,0.00488352
1614,0.0042893,0.004585145,0.005081856,0.004638154,0.004868773
1616,0.004276847,0.004571563,0.005066321,0.004624365,0.004854083
1618,0.004264442,0.004558032,0.005050845,0.00461063,0.004839449
1620,0.004252084,0.004544552,0.00503543,0.004596947,0.004824872
1622,0.004239772,0.004531124,0.005020075,0.004583316,0.004810351
1624,0.004227506,0.004517748,0.00500478,0.004569737,0.004795886
1626,0.004215287,0.004504422,0.004989544,0.004556211,0.004781477
1628,0.004203114,0.004491147,0.004974367,0.004542736,0.004767123
1630,0.004190986,0.004477923,0.004959249,0.004529312,0.004752825
1632,0.004178904,0.004464749,0.004944189,0.00451594,0.004738582
1634,0.004166868,0.004451625,0.004929188,0.004502618,0.004724393
1636,0.004154876,0.004438551,0.004914245,0.004489348,0.004710259
1638,0.00414293,0.004425527,0.00489936,0.004476128,0.00469618
1640,0.004131029,0.004412552,0.004884533,0.004462958,0.004682154
1642,0.004119172,0.004399627,0.004869762,0.004449839,0.004668182
1644,0.00410736,0.00438675,0.004855049,0.004436769,0.004654264
1646,0.004095592,0.004373923,0.004840393,0.00442375,0.0046404
1648,0.004083868,0.004361144,0.004825793,0.004410779,0.004626588
1650,0.004072188,0.004348413,0.00481125,0.004397858,0.00461283
1652,0.004060551,0.004335731,0.004796763,0.004384986,0.004599124
1654,0.004048958,0.004323097,0.004782331,0.004372163,0.00458547
1656,0.004037409,0.00431051,0.004767956,0.004359389,0.004571869
1658,0.004025902,0.004297971,0.004753635,0.004346663,0.00455832
1660,0.004014439,0.00428548,0.00473937,0.004333985,0.004544823
1662,0.004003018,0.004273036,0.00472516,0.004321355,0.004531377
1664,0.00399164,0.004260638,0.004711004,0.004308773,0.004517982
1666,0.003980304,0.004248288,0.004696903,0.004296239,0.004504639
1668,0.003969011,0.004235984,0.004682856,0.004283752,0.004491346
1670,0.003957759,0.004223726,0.004668863,0.004271312,0.004478105
1672,0.00394655,0.004211515,0.004654924,0.004258919,0.004464913
1674,0.003935382,0.004199349,0.004641038,0.004246573,0.004451772
1676,0.003924255,0.00418723,0.004627205,0.004234273,0.004438681
1678,0.00391317,0.004175155,0.004613426,0.00422202,0.00442564
1680,0.003902126,0.004163127,0.004599699,0.004209813,0.004412648
